{
    "faces":[35,0,1,2,3,0,0,0,0,0,35,4,7,6,5,0,1,1,1,1,35,0,4,5,1,0,2,2,2,2,35,1,5,6,2,0,3,3,3,3,35,2,6,7,3,0,4,4,4,4,35,4,0,3,7,0,5,5,5,5],
    "vertices":[1.37452,-2.99462,-0.682539,1.37452,-2.99462,0.682539,-1.37452,-2.99462,0.682539,-1.37452,-2.99462,-0.682539,1.37452,2.99462,-0.682539,1.37452,2.99462,0.682539,-1.37452,2.99462,0.682539,-1.37452,2.99462,-0.682539],
    "materials":[{
        "blending":"NormalBlending",
        "wireframe":false,
        "depthTest":true,
        "colorEmissive":[0,0,0],
        "DbgIndex":0,
        "depthWrite":true,
        "opacity":1,
        "colorDiffuse":[0.026482,0.026482,0.026482],
        "visible":true,
        "colorSpecular":[0.5,0.5,0.5],
        "shading":"phong",
        "specularCoef":50,
        "transparent":false,
        "DbgColor":15658734,
        "DbgName":"EngineMaterial"
    }],
    "uvs":[],
    "metadata":{
        "faces":6,
        "vertices":8,
        "materials":1,
        "uvs":0,
        "generator":"io_three",
        "type":"Geometry",
        "version":3,
        "normals":6
    },
    "normals":[0,-1,0,0,1,0,1,0,1e-06,-0,0,1,-1,-0,-0,0,0,-1]
}