{
    "faces":[35,2,0,1,3,0,0,0,0,0,35,3,7,6,2,0,1,1,1,1,35,7,5,4,6,0,2,2,2,2,35,0,4,5,1,0,3,3,3,3,35,0,2,6,4,0,4,4,4,4,35,5,7,3,1,0,5,5,5,5,35,9,11,10,8,0,6,6,6,6,35,11,15,14,10,0,7,7,7,7,35,15,13,12,14,0,2,2,2,2,35,13,9,8,12,0,8,8,8,8,35,8,10,14,12,0,9,9,9,9,35,13,15,11,9,0,10,10,10,10],
    "vertices":[-0.597485,-0.428324,0.315484,-0.597485,1.40983,0.315484,-0.597485,-0.428324,-0.315484,-0.597485,1.40983,-0.315484,0.033483,-0.428324,0.315484,0.033483,1.40983,0.315484,0.033483,-0.428324,-0.315484,0.033483,1.40983,-0.315484,-1.30762,1.22263,0.59942,-1.30762,2.42147,0.59942,-1.30762,1.22263,-0.59942,-1.30762,2.42147,-0.59942,-0.108779,1.22263,0.59942,-0.108779,2.42147,0.59942,-0.108779,1.22263,-0.59942,-0.108779,2.42147,-0.59942],
    "materials":[{
        "blending":"NormalBlending",
        "wireframe":false,
        "depthTest":true,
        "colorEmissive":[0,0,0],
        "DbgIndex":0,
        "depthWrite":true,
        "opacity":1,
        "colorDiffuse":[0.031744,0.031744,0.031744],
        "visible":true,
        "colorSpecular":[0.5,0.5,0.5],
        "shading":"phong",
        "specularCoef":50,
        "transparent":false,
        "DbgColor":15658734,
        "DbgName":"EngineMat"
    }],
    "uvs":[],
    "metadata":{
        "faces":12,
        "vertices":16,
        "materials":1,
        "uvs":0,
        "generator":"io_three",
        "type":"Geometry",
        "version":3,
        "normals":11
    },
    "normals":[-1,-0,0,0,-0,-1,1,-0,0,0,0,1,-0,-1,0,-0,1,0,-1,0,0,0,0,-1,0,-0,1,-0,-1,0,-0,1,0]
}