{
    "uvs":[],
    "normals":[-0.270856,-0.96262,0,-0,-0,-1,0.270856,0.96262,0,0,0,1,0.96262,-0.270856,0,-0.96262,0.270856,0,-0.270856,-0.96262,0,0,-0,-1,0.270856,0.96262,0,-0,0,1,0.96262,-0.270856,0,-0.96262,0.270856,0,-0.270856,-0.96262,0,0,-0,-1,-0,0,1,0.96262,-0.270856,0,-0.96262,0.270856,0,-0.231742,0.972777,0,0,-0,-1,0.231743,-0.972777,0,-0,0,1,-0.972777,-0.231743,0,0.972777,0.231741,0,-0.231742,0.972777,0,0,-0,-1,0.231742,-0.972777,0,-0,0,1,-0.972778,-0.231741,0,0.972777,0.231741,0,-0.231742,0.972777,0,-0,-0,-1,0.231742,-0.972777,0,0,0,1,-0.972777,-0.231742,0,0.972778,0.231741,0],
    "vertices":[6.21833,-0.445461,0.187092,5.39243,-0.213074,0.187092,6.21833,-0.445461,-0.197778,5.39243,-0.213074,-0.197778,6.47763,0.476074,0.187092,5.65173,0.708461,0.187092,6.47763,0.476074,-0.197778,5.65173,0.708461,-0.197778,2.51551,0.77313,0.278354,1.9941,0.919841,0.278354,2.51551,0.77313,-0.263304,1.9941,0.919841,-0.263304,2.68919,1.39037,0.278354,2.16778,1.53709,0.278354,2.68919,1.39037,-0.263304,2.16778,1.53709,-0.263304,5.55886,0.056016,0.143883,2.13419,1.01963,0.143883,5.55886,0.056016,-0.143883,2.13419,1.01963,-0.143883,5.65362,0.392799,0.143883,2.22895,1.35641,0.143883,5.65362,0.392799,-0.143883,2.22895,1.35641,-0.143883,-6.24693,0.675409,0.187092,-5.41231,0.874237,0.187092,-6.24693,0.675409,-0.197778,-5.41231,0.874237,-0.197778,-6.02507,-0.25585,0.187092,-5.19046,-0.057021,0.187092,-6.02507,-0.25585,-0.197778,-5.19046,-0.057021,-0.197778,-2.41905,1.41244,0.278354,-1.89214,1.53797,0.278354,-2.41905,1.41244,-0.263304,-1.89214,1.53797,-0.263304,-2.27046,0.788687,0.278354,-1.74354,0.914212,0.278354,-2.27046,0.788687,-0.263304,-1.74354,0.914212,-0.263304,-5.42678,0.558171,0.143883,-1.96597,1.38263,0.143883,-5.42678,0.558171,-0.143883,-1.96597,1.38263,-0.143883,-5.3457,0.217835,0.143883,-1.88489,1.04229,0.143883,-5.3457,0.217835,-0.143883,-1.88489,1.04229,-0.143883],
    "faces":[35,2,0,1,3,0,0,0,0,0,35,3,7,6,2,0,1,1,1,1,35,7,5,4,6,0,2,2,2,2,35,0,4,5,1,0,3,3,3,3,35,0,2,6,4,0,4,4,4,4,35,5,7,3,1,0,5,5,5,5,35,9,11,10,8,0,6,6,6,6,35,11,15,14,10,0,7,7,7,7,35,15,13,12,14,0,8,8,8,8,35,13,9,8,12,0,9,9,9,9,35,8,10,14,12,0,10,10,10,10,35,13,15,11,9,0,11,11,11,11,35,17,19,18,16,0,12,12,12,12,35,19,23,22,18,0,13,13,13,13,35,23,21,20,22,0,8,8,8,8,35,21,17,16,20,0,14,14,14,14,35,16,18,22,20,0,15,15,15,15,35,21,23,19,17,0,16,16,16,16,35,25,27,26,24,1,17,17,17,17,35,27,31,30,26,1,18,18,18,18,35,31,29,28,30,1,19,19,19,19,35,29,25,24,28,1,20,20,20,20,35,24,26,30,28,1,21,21,21,21,35,29,31,27,25,1,22,22,22,22,35,33,35,34,32,1,23,23,23,23,35,35,39,38,34,1,24,24,24,24,35,39,37,36,38,1,25,25,25,25,35,37,33,32,36,1,26,26,26,26,35,32,34,38,36,1,27,27,27,27,35,37,39,35,33,1,28,28,28,28,35,41,43,42,40,1,29,29,29,29,35,43,47,46,42,1,30,30,30,30,35,47,45,44,46,1,31,31,31,31,35,45,41,40,44,1,32,32,32,32,35,40,42,46,44,1,33,33,33,33,35,45,47,43,41,1,34,34,34,34],
    "metadata":{
        "uvs":0,
        "version":3,
        "faces":36,
        "materials":2,
        "generator":"io_three",
        "type":"Geometry",
        "normals":35,
        "vertices":48
    },
    "materials":[{
        "transparent":false,
        "colorSpecular":[0.5,0.5,0.5],
        "DbgName":"Material.001",
        "depthTest":true,
        "colorEmissive":[0,0,0],
        "DbgColor":15658734,
        "opacity":1,
        "colorDiffuse":[0.088551,0.013625,0.005951],
        "depthWrite":true,
        "blending":"NormalBlending",
        "shading":"phong",
        "specularCoef":50,
        "wireframe":false,
        "visible":true,
        "DbgIndex":0
    },{
        "transparent":false,
        "colorSpecular":[0.5,0.5,0.5],
        "DbgName":"Material.002",
        "depthTest":true,
        "colorEmissive":[0,0,0],
        "DbgColor":15597568,
        "opacity":1,
        "colorDiffuse":[0.088551,0.013625,0.005951],
        "depthWrite":true,
        "blending":"NormalBlending",
        "shading":"phong",
        "specularCoef":50,
        "wireframe":false,
        "visible":true,
        "DbgIndex":1
    }]
}